split,task_id,query_input_shape,query_output_shape,same_size,valid_cells,correct_cells,error_cells,cell_acc,solve
train,007bbfb7,3x3,9x9,False,81,36,45,0.4444444444444444,False
train,00d62c1b,20x20,20x20,True,400,367,33,0.9175,False
train,017c7c7b,6x3,9x3,False,27,12,15,0.4444444444444444,False
train,025d127b,10x10,10x10,True,100,88,12,0.88,False
train,045e512c,21x21,21x21,True,441,398,43,0.9024943310657596,False
train,0520fde7,3x7,3x3,False,9,7,2,0.7777777777777778,False
train,05269061,7x7,7x7,True,49,23,26,0.46938775510204084,False
train,05f2a901,11x10,11x10,True,110,94,16,0.8545454545454545,False
train,06df4c85,26x26,26x26,True,676,640,36,0.9467455621301775,False
train,08ed6ac7,9x9,9x9,True,81,66,15,0.8148148148148148,False
train,09629e4f,11x11,11x11,True,121,84,37,0.6942148760330579,False
train,0962bcdd,12x12,12x12,True,144,120,24,0.8333333333333334,False
train,0a938d79,11x27,11x27,True,297,245,52,0.8249158249158249,False
train,0b148d64,15x17,6x6,False,36,35,1,0.9722222222222222,False
train,0ca9ddb6,9x9,9x9,True,81,69,12,0.8518518518518519,False
train,0d3d703e,3x3,3x3,True,9,0,9,0.0,False
train,0dfd9992,21x21,21x21,True,441,395,46,0.8956916099773242,False
train,0e206a2e,24x19,24x19,True,456,437,19,0.9583333333333334,False
train,10fcaaa3,6x5,12x10,False,120,75,45,0.625,False
train,11852cab,10x10,10x10,True,100,97,3,0.97,False
train,1190e5a7,22x22,5x3,False,15,15,0,1.0,True
train,137eaa0f,11x11,3x3,False,9,1,8,0.1111111111111111,False
train,150deff5,8x11,8x11,True,88,67,21,0.7613636363636364,False
train,178fcbfb,12x11,12x11,True,132,78,54,0.5909090909090909,False
train,1a07d186,19x26,19x26,True,494,476,18,0.9635627530364372,False
train,1b2d62fb,5x7,5x3,False,15,11,4,0.7333333333333333,False
train,1b60fb0c,10x10,10x10,True,100,91,9,0.91,False
train,1bfc4729,10x10,10x10,True,100,49,51,0.49,False
train,1c786137,17x16,8x9,False,72,20,52,0.2777777777777778,False
train,1caeab9d,10x10,10x10,True,100,85,15,0.85,False
train,1cf80156,12x12,4x6,False,24,13,11,0.5416666666666666,False
train,1e0a9b12,5x5,5x5,True,25,17,8,0.68,False
train,1e32b0e9,17x17,17x17,True,289,212,77,0.7335640138408305,False
train,1f0c79e5,9x9,9x9,True,81,59,22,0.7283950617283951,False
train,1f642eb9,10x10,10x10,True,100,93,7,0.93,False
train,1f85a75f,30x30,4x4,False,16,3,13,0.1875,False
train,1f876c06,10x10,10x10,True,100,86,14,0.86,False
train,1fad071e,9x9,1x5,False,5,3,2,0.6,False
train,2013d3e2,10x10,3x3,False,9,4,5,0.4444444444444444,False
train,2204b7a8,10x10,10x10,True,100,92,8,0.92,False
train,22168020,10x10,10x10,True,100,86,14,0.86,False
train,22233c11,10x10,10x10,True,100,92,8,0.92,False
train,2281f1f4,10x10,10x10,True,100,75,25,0.75,False
train,228f6490,10x10,10x10,True,100,92,8,0.92,False
train,22eb0ac0,10x10,10x10,True,100,84,16,0.84,False
train,234bbc79,3x11,3x8,False,24,10,14,0.4166666666666667,False
train,23581191,9x9,9x9,True,81,51,30,0.6296296296296297,False
train,239be575,8x6,1x1,False,1,0,1,0.0,False
train,23b5c85d,18x18,3x3,False,9,0,9,0.0,False
train,253bf280,12x13,12x13,True,156,142,14,0.9102564102564102,False
train,25d487eb,16x11,16x11,True,176,165,11,0.9375,False
train,25d8a9c8,3x3,3x3,True,9,3,6,0.3333333333333333,False
train,25ff71a9,3x3,3x3,True,9,7,2,0.7777777777777778,False
train,264363fd,30x30,30x30,True,900,832,68,0.9244444444444444,False
train,272f95fa,17x15,17x15,True,255,148,107,0.5803921568627451,False
train,27a28665,3x3,1x1,False,1,0,1,0.0,False
train,28bf18c6,8x8,3x6,False,18,8,10,0.4444444444444444,False
train,28e73c20,18x18,18x18,True,324,147,177,0.4537037037037037,False
train,29623171,11x11,11x11,True,121,102,19,0.8429752066115702,False
train,29c11459,5x11,5x11,True,55,37,18,0.6727272727272727,False
train,29ec7d0e,18x18,18x18,True,324,282,42,0.8703703703703703,False
train,2bcee788,10x10,10x10,True,100,96,4,0.96,False
train,2bee17df,14x14,14x14,True,196,134,62,0.6836734693877551,False
train,2c608aff,19x21,19x21,True,399,381,18,0.9548872180451128,False
train,2dc579da,13x13,6x6,False,36,35,1,0.9722222222222222,False
train,2dd70a9a,13x13,13x13,True,169,157,12,0.9289940828402367,False
train,2dee498d,5x15,5x5,False,25,25,0,1.0,True
train,31aa019c,10x10,10x10,True,100,91,9,0.91,False
train,321b1fc6,10x10,10x10,True,100,77,23,0.77,False
train,32597951,17x17,17x17,True,289,281,8,0.972318339100346,False
train,3345333e,16x16,16x16,True,256,247,9,0.96484375,False
train,3428a4f5,13x5,6x5,False,30,18,12,0.6,False
train,3618c87e,5x5,5x5,True,25,16,9,0.64,False
train,3631a71a,30x30,30x30,True,900,842,58,0.9355555555555556,False
train,363442ee,9x13,9x13,True,117,52,65,0.4444444444444444,False
train,36d67576,14x15,14x15,True,210,198,12,0.9428571428571428,False
train,36fdfd69,17x18,17x18,True,306,292,14,0.954248366013072,False
train,3906de3d,10x10,10x10,True,100,76,24,0.76,False
train,39a8645d,14x14,3x3,False,9,3,6,0.3333333333333333,False
train,39e1d7f9,29x29,29x29,True,841,756,85,0.8989298454221165,False
train,3aa6fb7a,7x7,7x7,True,49,45,4,0.9183673469387755,False
train,3ac3eb23,6x12,6x12,True,72,48,24,0.6666666666666666,False
train,3af2c5a8,3x4,6x8,False,48,36,12,0.75,False
train,3bd67248,10x10,10x10,True,100,82,18,0.82,False
train,3bdb4ada,11x20,11x20,True,220,209,11,0.95,False
train,3befdf3e,12x12,12x12,True,144,70,74,0.4861111111111111,False
train,3c9b0459,3x3,3x3,True,9,3,6,0.3333333333333333,False
train,3de23699,18x19,8x10,False,80,60,20,0.75,False
train,3e980e27,13x13,13x13,True,169,151,18,0.893491124260355,False
train,3eda0437,4x24,4x24,True,96,87,9,0.90625,False
train,3f7978a0,14x13,10x4,False,40,27,13,0.675,False
train,40853293,20x20,20x20,True,400,357,43,0.8925,False
train,4093f84a,14x14,14x14,True,196,186,10,0.9489795918367347,False
train,41e4d17e,15x15,15x15,True,225,182,43,0.8088888888888889,False
train,4258a5f9,9x9,9x9,True,81,45,36,0.5555555555555556,False
train,4290ef0e,19x19,11x11,False,121,27,94,0.2231404958677686,False
train,42a50994,17x14,17x14,True,238,226,12,0.9495798319327731,False
train,4347f46a,17x19,17x19,True,323,271,52,0.8390092879256966,False
train,444801d8,10x10,10x10,True,100,70,30,0.7,False
train,445eab21,10x10,2x2,False,4,4,0,1.0,True
train,447fd412,17x21,17x21,True,357,287,70,0.803921568627451,False
train,44d8ac46,12x12,12x12,True,144,135,9,0.9375,False
train,44f52bb0,3x3,1x1,False,1,0,1,0.0,False
train,4522001f,3x3,9x9,False,81,48,33,0.5925925925925926,False
train,4612dd53,13x13,13x13,True,169,153,16,0.9053254437869822,False
train,46442a0e,3x3,6x6,False,36,18,18,0.5,False
train,469497ad,5x5,25x25,False,625,295,330,0.472,False
train,46f33fce,10x10,20x20,False,400,317,83,0.7925,False
train,47c1f68c,13x13,12x12,False,144,96,48,0.6666666666666666,False
train,484b58aa,29x29,29x29,True,841,802,39,0.9536266349583828,False
train,48d8fb45,10x10,3x3,False,9,4,5,0.4444444444444444,False
train,4938f0c2,18x14,18x14,True,252,228,24,0.9047619047619048,False
train,496994bd,10x6,10x6,True,60,42,18,0.7,False
train,49d1d64f,3x2,5x4,False,20,3,17,0.15,False
train,4be741c5,14x14,1x4,False,4,1,3,0.25,False
train,4c4377d9,3x4,6x4,False,24,16,8,0.6666666666666666,False
train,4c5c2cf0,15x15,15x15,True,225,198,27,0.88,False
train,50846271,19x22,19x22,True,418,401,17,0.9593301435406698,False
train,508bd3b6,12x12,12x12,True,144,134,10,0.9305555555555556,False
train,50cb2852,14x13,14x13,True,182,149,33,0.8186813186813187,False
train,5117e062,13x13,3x3,False,9,3,6,0.3333333333333333,False
train,5168d44c,7x17,7x17,True,119,109,10,0.9159663865546218,False
train,539a4f51,5x5,10x10,False,100,37,63,0.37,False
train,53b68214,8x10,10x10,False,100,98,2,0.98,False
train,543a7ed5,15x15,15x15,True,225,150,75,0.6666666666666666,False
train,54d82841,7x11,7x11,True,77,74,3,0.961038961038961,False
train,54d9e175,7x11,7x11,True,77,38,39,0.4935064935064935,False
train,5521c0d9,15x15,15x15,True,225,126,99,0.56,False
train,5582e5ca,3x3,3x3,True,9,5,4,0.5555555555555556,False
train,5614dbcf,9x9,3x3,False,9,6,3,0.6666666666666666,False
train,56dc2b01,4x18,4x18,True,72,52,20,0.7222222222222222,False
train,56ff96f3,9x8,9x8,True,72,50,22,0.6944444444444444,False
train,57aa92db,19x30,19x30,True,570,426,144,0.7473684210526316,False
train,5ad4f10b,22x26,3x3,False,9,4,5,0.4444444444444444,False
train,5bd6f4ac,9x9,3x3,False,9,3,6,0.3333333333333333,False
train,5c0a986e,10x10,10x10,True,100,94,6,0.94,False
train,5c2c9af4,28x28,28x28,True,784,652,132,0.8316326530612245,False
train,5daaa586,16x15,12x10,False,120,57,63,0.475,False
train,60b61512,9x9,9x9,True,81,72,9,0.8888888888888888,False
train,6150a2bd,3x3,3x3,True,9,1,8,0.1111111111111111,False
train,623ea044,17x17,17x17,True,289,265,24,0.916955017301038,False
train,62c24649,3x3,6x6,False,36,18,18,0.5,False
train,63613498,10x10,10x10,True,100,95,5,0.95,False
train,6430c8c4,9x4,4x4,False,16,13,3,0.8125,False
train,6455b5f5,13x16,13x16,True,208,147,61,0.7067307692307693,False
train,662c240a,9x3,3x3,False,9,9,0,1.0,True
train,67385a82,5x5,5x5,True,25,16,9,0.64,False
train,673ef223,21x12,21x12,True,252,200,52,0.7936507936507936,False
train,6773b310,11x11,3x3,False,9,5,4,0.5555555555555556,False
train,67a3c6ac,3x3,3x3,True,9,5,4,0.5555555555555556,False
train,67a423a3,12x12,12x12,True,144,136,8,0.9444444444444444,False
train,67e8384a,3x3,6x6,False,36,22,14,0.6111111111111112,False
train,681b3aeb,10x10,3x3,False,9,6,3,0.6666666666666666,False
train,6855a6e4,15x15,15x15,True,225,212,13,0.9422222222222222,False
train,68b16354,7x7,7x7,True,49,19,30,0.3877551020408163,False
train,694f12f3,10x10,10x10,True,100,80,20,0.8,False
train,6a1e5592,10x15,10x15,True,150,117,33,0.78,False
train,6aa20dc0,22x22,22x22,True,484,428,56,0.8842975206611571,False
train,6b9890af,24x26,14x14,False,196,79,117,0.4030612244897959,False
train,6c434453,10x10,10x10,True,100,82,18,0.82,False
train,6cdd2623,16x19,16x19,True,304,262,42,0.8618421052631579,False
train,6cf79266,20x20,20x20,True,400,373,27,0.9325,False
train,6d0160f0,11x11,11x11,True,121,115,6,0.9504132231404959,False
train,6d0aefbc,3x3,3x6,False,18,14,4,0.7777777777777778,False
train,6d58a25d,20x20,20x20,True,400,362,38,0.905,False
train,6d75e8bb,9x11,9x11,True,99,81,18,0.8181818181818182,False
train,6e02f1e3,3x3,3x3,True,9,6,3,0.6666666666666666,False
train,6e19193c,10x10,10x10,True,100,95,5,0.95,False
train,6e82a1ae,10x10,10x10,True,100,90,10,0.9,False
train,6ecd11f4,21x24,4x4,False,16,3,13,0.1875,False
train,6f8cd79b,7x6,7x6,True,42,21,21,0.5,False
train,6fa7a44f,3x3,6x3,False,18,14,4,0.7777777777777778,False
train,72322fa7,19x19,19x19,True,361,345,16,0.9556786703601108,False
train,72ca375d,10x10,3x4,False,12,8,4,0.6666666666666666,False
train,73251a56,21x21,21x21,True,441,413,28,0.9365079365079365,False
train,7447852a,3x25,3x25,True,75,57,18,0.76,False
train,7468f01a,17x17,7x8,False,56,45,11,0.8035714285714286,False
train,746b3537,4x9,1x5,False,5,1,4,0.2,False
train,74dd1130,3x3,3x3,True,9,3,6,0.3333333333333333,False
train,75b8110e,8x8,4x4,False,16,5,11,0.3125,False
train,760b3cac,6x9,6x9,True,54,49,5,0.9074074074074074,False
train,776ffc46,20x20,20x20,True,400,390,10,0.975,False
train,77fdfe62,10x10,6x6,False,36,13,23,0.3611111111111111,False
train,780d0b14,23x28,3x3,False,9,2,7,0.2222222222222222,False
train,7837ac64,29x29,3x3,False,9,4,5,0.4444444444444444,False
train,794b24be,3x3,3x3,True,9,7,2,0.7777777777777778,False
train,7b6016b9,22x25,22x25,True,550,436,114,0.7927272727272727,False
train,7b7f7511,8x3,4x3,False,12,12,0,1.0,True
train,7c008303,9x9,6x6,False,36,22,14,0.6111111111111112,False
train,7ddcd7ec,10x10,10x10,True,100,92,8,0.92,False
train,7df24a62,23x23,23x23,True,529,490,39,0.9262759924385633,False
train,7e0986d6,12x17,12x17,True,204,197,7,0.9656862745098039,False
train,7f4411dc,10x10,10x10,True,100,90,10,0.9,False
train,7fe24cdd,3x3,6x6,False,36,17,19,0.4722222222222222,False
train,80af3007,17x19,9x9,False,81,39,42,0.48148148148148145,False
train,810b9b61,12x12,12x12,True,144,120,24,0.8333333333333334,False
train,82819916,14x10,14x10,True,140,112,28,0.8,False
train,83302e8f,27x27,27x27,True,729,585,144,0.8024691358024691,False
train,834ec97d,12x12,12x12,True,144,119,25,0.8263888888888888,False
train,8403a5d5,10x10,10x10,True,100,75,25,0.75,False
train,846bdb03,13x13,6x8,False,48,21,27,0.4375,False
train,855e0971,17x15,17x15,True,255,239,16,0.9372549019607843,False
train,85c4e7cd,14x14,14x14,True,196,149,47,0.7602040816326531,False
train,868de0fa,20x20,20x20,True,400,273,127,0.6825,False
train,8731374e,19x17,10x8,False,80,44,36,0.55,False
train,88a10436,10x11,10x11,True,110,105,5,0.9545454545454546,False
train,88a62173,5x5,2x2,False,4,3,1,0.75,False
train,890034e9,21x21,21x21,True,441,423,18,0.9591836734693877,False
train,8a004b2b,19x18,14x18,False,252,200,52,0.7936507936507936,False
train,8be77c9e,3x3,6x3,False,18,16,2,0.8888888888888888,False
train,8d5021e8,3x2,9x4,False,36,12,24,0.3333333333333333,False
train,8d510a79,10x10,10x10,True,100,86,14,0.86,False
train,8e1813be,19x19,7x7,False,49,15,34,0.30612244897959184,False
train,8e5a5113,3x11,3x11,True,33,27,6,0.8181818181818182,False
train,8eb1be9a,14x13,14x13,True,182,101,81,0.554945054945055,False
train,8efcae92,20x20,9x10,False,90,78,12,0.8666666666666667,False
train,8f2ea7aa,9x9,9x9,True,81,61,20,0.7530864197530864,False
train,90c28cc7,21x21,3x3,False,9,1,8,0.1111111111111111,False
train,90f3ed37,15x10,15x10,True,150,140,10,0.9333333333333333,False
train,913fb3ed,16x16,16x16,True,256,232,24,0.90625,False
train,91413438,3x3,21x21,False,441,437,4,0.9909297052154195,False
train,91714a58,16x16,16x16,True,256,246,10,0.9609375,False
train,9172f3a0,3x3,9x9,False,81,40,41,0.49382716049382713,False
train,928ad970,15x15,15x15,True,225,189,36,0.84,False
train,93b581b8,6x6,6x6,True,36,24,12,0.6666666666666666,False
train,941d9a10,10x10,10x10,True,100,96,4,0.96,False
train,94f9d214,8x4,4x4,False,16,12,4,0.75,False
train,952a094c,10x10,10x10,True,100,92,8,0.92,False
train,9565186b,3x3,3x3,True,9,4,5,0.4444444444444444,False
train,95990924,15x15,15x15,True,225,201,24,0.8933333333333333,False
train,963e52fc,5x9,5x18,False,90,72,18,0.8,False
train,97999447,9x8,9x8,True,72,56,16,0.7777777777777778,False
train,97a05b5b,19x15,8x12,False,96,73,23,0.7604166666666666,False
train,98cf29f8,12x17,12x17,True,204,193,11,0.946078431372549,False
train,995c5fa3,4x14,3x3,False,9,3,6,0.3333333333333333,False
train,99b1bc43,9x4,4x4,False,16,5,11,0.3125,False
train,99fa7670,7x8,7x8,True,56,41,15,0.7321428571428571,False
train,9aec4887,16x16,7x7,False,49,10,39,0.20408163265306123,False
train,9af7a82c,4x4,6x5,False,30,16,14,0.5333333333333333,False
train,9d9215db,19x19,19x19,True,361,316,45,0.8753462603878116,False
train,9dfd6313,6x6,6x6,True,36,28,8,0.7777777777777778,False
train,9ecd008a,16x16,3x3,False,9,0,9,0.0,False
train,9edfc990,16x16,16x16,True,256,211,45,0.82421875,False
train,9f236235,23x23,4x4,False,16,7,9,0.4375,False
train,a1570a43,10x8,10x8,True,80,66,14,0.825,False
train,a2fd1cf0,12x14,12x14,True,168,152,16,0.9047619047619048,False
train,a3325580,10x10,4x3,False,12,2,10,0.16666666666666666,False
train,a3df8b1e,10x5,10x5,True,50,41,9,0.82,False
train,a416b8f3,5x4,5x8,False,40,31,9,0.775,False
train,a48eeaf7,10x10,10x10,True,100,96,4,0.96,False
train,a5313dff,9x9,9x9,True,81,67,14,0.8271604938271605,False
train,a5f85a15,12x12,12x12,True,144,133,11,0.9236111111111112,False
train,a61ba2ce,13x13,4x4,False,16,7,9,0.4375,False
train,a61f2674,9x9,9x9,True,81,68,13,0.8395061728395061,False
train,a64e4611,30x30,30x30,True,900,690,210,0.7666666666666667,False
train,a65b410d,9x9,9x9,True,81,58,23,0.7160493827160493,False
train,a68b268e,9x9,4x4,False,16,10,6,0.625,False
train,a699fb00,10x10,10x10,True,100,93,7,0.93,False
train,a740d043,6x6,2x2,False,4,1,3,0.25,False
train,a78176bb,10x10,10x10,True,100,74,26,0.74,False
train,a79310a0,5x5,5x5,True,25,21,4,0.84,False
train,a85d4709,3x3,3x3,True,9,1,8,0.1111111111111111,False
train,a87f7484,15x3,3x3,False,9,3,6,0.3333333333333333,False
train,a8c38be5,16x15,9x9,False,81,45,36,0.5555555555555556,False
train,a8d7556c,18x18,18x18,True,324,302,22,0.9320987654320988,False
train,a9f96cdd,3x5,3x5,True,15,13,2,0.8666666666666667,False
train,aabf363d,7x7,7x7,True,49,34,15,0.6938775510204082,False
train,aba27056,10x10,10x10,True,100,51,49,0.51,False
train,ac0a08a4,3x3,12x12,False,144,81,63,0.5625,False
train,ae3edfdc,15x15,15x15,True,225,218,7,0.9688888888888889,False
train,ae4f1146,9x9,3x3,False,9,4,5,0.4444444444444444,False
train,aedd82e4,5x4,5x4,True,20,13,7,0.65,False
train,af902bf9,10x10,10x10,True,100,87,13,0.87,False
train,b0c4d837,9x9,3x3,False,9,8,1,0.8888888888888888,False
train,b190f7f5,8x4,16x16,False,256,158,98,0.6171875,False
train,b1948b0a,4x4,4x4,True,16,9,7,0.5625,False
train,b230c067,10x10,10x10,True,100,90,10,0.9,False
train,b27ca6d3,17x16,17x16,True,272,224,48,0.8235294117647058,False
train,b2862040,16x15,16x15,True,240,208,32,0.8666666666666667,False
train,b527c5c6,20x20,20x20,True,400,226,174,0.565,False
train,b548a754,13x13,13x13,True,169,126,43,0.7455621301775148,False
train,b60334d2,9x9,9x9,True,81,43,38,0.5308641975308642,False
train,b6afb2da,10x10,10x10,True,100,67,33,0.67,False
train,b7249182,19x9,19x9,True,171,147,24,0.8596491228070176,False
train,b775ac94,24x24,24x24,True,576,538,38,0.9340277777777778,False
train,b782dc8a,15x15,15x15,True,225,173,52,0.7688888888888888,False
train,b8825c91,16x16,16x16,True,256,231,25,0.90234375,False
train,b8cdaf2b,9x9,9x9,True,81,75,6,0.9259259259259259,False
train,b91ae062,3x3,12x12,False,144,59,85,0.4097222222222222,False
train,b94a9452,14x13,6x6,False,36,32,4,0.8888888888888888,False
train,b9b7f026,14x15,1x1,False,1,0,1,0.0,False
train,ba26e723,3x17,3x17,True,51,39,12,0.7647058823529411,False
train,ba97ae07,11x6,11x6,True,66,62,4,0.9393939393939394,False
train,bb43febb,10x10,10x10,True,100,76,24,0.76,False
train,bbc9ae5d,1x12,6x12,False,72,45,27,0.625,False
train,bc1d5164,5x7,3x3,False,9,5,4,0.5555555555555556,False
train,bd4472b8,12x5,12x5,True,60,20,40,0.3333333333333333,False
train,bda2d7a6,6x6,6x6,True,36,0,36,0.0,False
train,bdad9b1f,6x6,6x6,True,36,29,7,0.8055555555555556,False
train,be94b721,9x9,4x3,False,12,0,12,0.0,False
train,beb8660c,11x8,11x8,True,88,58,30,0.6590909090909091,False
train,c0f76784,12x12,12x12,True,144,130,14,0.9027777777777778,False
train,c1d99e64,27x25,27x25,True,675,538,137,0.797037037037037,False
train,c3e719e8,3x3,9x9,False,81,48,33,0.5925925925925926,False
train,c3f564a4,16x16,16x16,True,256,221,35,0.86328125,False
train,c444b776,19x29,19x29,True,551,510,41,0.925589836660617,False
train,c59eb873,5x5,10x10,False,100,46,54,0.46,False
train,c8cbb738,18x19,7x7,False,49,33,16,0.673469387755102,False
train,c8f0f002,3x5,3x5,True,15,6,9,0.4,False
train,c909285e,24x24,6x6,False,36,7,29,0.19444444444444445,False
train,c9e6f938,3x3,3x6,False,18,14,4,0.7777777777777778,False
train,c9f8e694,12x12,12x12,True,144,121,23,0.8402777777777778,False
train,caa06a1f,18x18,18x18,True,324,73,251,0.22530864197530864,False
train,cbded52d,8x8,8x8,True,64,61,3,0.953125,False
train,cce03e0d,3x3,9x9,False,81,50,31,0.6172839506172839,False
train,cdecee7f,10x10,3x3,False,9,0,9,0.0,False
train,ce22a75a,9x9,9x9,True,81,36,45,0.4444444444444444,False
train,ce4f8723,9x4,4x4,False,16,13,3,0.8125,False
train,ce602527,18x18,4x3,False,12,4,8,0.3333333333333333,False
train,ce9e57f2,11x9,11x9,True,99,89,10,0.898989898989899,False
train,cf98881b,4x14,4x4,False,16,7,9,0.4375,False
train,d037b0a7,3x3,3x3,True,9,4,5,0.4444444444444444,False
train,d06dbe63,13x13,13x13,True,169,148,21,0.8757396449704142,False
train,d07ae81c,17x19,17x19,True,323,284,39,0.8792569659442725,False
train,d0f5fe59,15x12,5x5,False,25,21,4,0.84,False
train,d10ecb37,4x8,2x2,False,4,3,1,0.75,False
train,d13f3404,3x3,6x6,False,36,27,9,0.75,False
train,d22278a0,17x17,17x17,True,289,171,118,0.5916955017301038,False
train,d23f8c26,7x7,7x7,True,49,45,4,0.9183673469387755,False
train,d2abd087,10x10,10x10,True,100,88,12,0.88,False
train,d364b489,10x10,10x10,True,100,77,23,0.77,False
train,d406998b,3x17,3x17,True,51,34,17,0.6666666666666666,False
train,d43fd935,10x10,10x10,True,100,93,7,0.93,False
train,d4469b4b,5x5,3x3,False,9,2,7,0.2222222222222222,False
train,d4a91cb9,12x13,12x13,True,156,143,13,0.9166666666666666,False
train,d4f3cd78,10x10,10x10,True,100,84,16,0.84,False
train,d511f180,4x4,4x4,True,16,6,10,0.375,False
train,d5d6de2d,10x10,10x10,True,100,72,28,0.72,False
train,d631b094,3x3,1x5,False,5,3,2,0.6,False
train,d687bc17,14x17,14x17,True,238,218,20,0.9159663865546218,False
train,d6ad076f,10x10,10x10,True,100,88,12,0.88,False
train,d89b689b,10x10,10x10,True,100,96,4,0.96,False
train,d8c310e9,5x15,5x15,True,75,64,11,0.8533333333333334,False
train,d90796e8,7x9,7x9,True,63,54,9,0.8571428571428571,False
train,d9f24cd1,10x10,10x10,True,100,71,29,0.71,False
train,d9fac9be,12x12,1x1,False,1,0,1,0.0,False
train,dae9d2b5,3x6,3x3,False,9,2,7,0.2222222222222222,False
train,db3e9e38,9x9,9x9,True,81,45,36,0.5555555555555556,False
train,db93a21d,30x30,30x30,True,900,519,381,0.5766666666666667,False
train,dbc1a6ce,19x21,19x21,True,399,343,56,0.8596491228070176,False
train,dc0a314f,16x16,5x5,False,25,1,24,0.04,False
train,dc1df850,10x10,10x10,True,100,82,18,0.82,False
train,dc433765,11x11,11x11,True,121,119,2,0.9834710743801653,False
train,ddf7fa4f,10x10,10x10,True,100,58,42,0.58,False
train,de1cd16c,18x19,1x1,False,1,0,1,0.0,False
train,ded97339,10x10,10x10,True,100,91,9,0.91,False
train,e179c5f4,10x5,10x5,True,50,41,9,0.82,False
train,e21d9049,20x20,20x20,True,400,368,32,0.92,False
train,e26a3af2,15x15,15x15,True,225,182,43,0.8088888888888889,False
train,e3497940,10x9,10x4,False,40,33,7,0.825,False
train,e40b9e2f,10x10,10x10,True,100,85,15,0.85,False
train,e48d4e1a,10x10,10x10,True,100,66,34,0.66,False
train,e5062a87,10x10,10x10,True,100,88,12,0.88,False
train,e509e548,14x16,14x16,True,224,187,37,0.8348214285714286,False
train,e50d258f,10x10,6x3,False,18,10,8,0.5555555555555556,False
train,e6721834,24x12,12x12,False,144,119,25,0.8263888888888888,False
train,e73095fd,16x18,16x18,True,288,273,15,0.9479166666666666,False
train,e76a88a6,10x10,10x10,True,100,82,18,0.82,False
train,e8593010,10x10,10x10,True,100,82,18,0.82,False
train,e8dc4411,18x16,18x16,True,288,280,8,0.9722222222222222,False
train,e9614598,12x12,12x12,True,144,139,5,0.9652777777777778,False
train,e98196ab,11x11,5x11,False,55,45,10,0.8181818181818182,False
train,e9afcf9a,2x6,2x6,True,12,7,5,0.5833333333333334,False
train,ea32f347,10x10,10x10,True,100,92,8,0.92,False
train,ea786f4a,11x11,11x11,True,121,98,23,0.8099173553719008,False
train,eb281b96,5x17,17x17,False,289,204,85,0.7058823529411765,False
train,eb5a1d5d,26x27,9x9,False,81,29,52,0.35802469135802467,False
train,ec883f72,12x12,12x12,True,144,138,6,0.9583333333333334,False
train,ecdecbb3,17x19,17x19,True,323,280,43,0.8668730650154799,False
train,ed36ccf7,3x3,3x3,True,9,5,4,0.5555555555555556,False
train,ef135b50,10x10,10x10,True,100,93,7,0.93,False
train,f15e1fac,12x17,12x17,True,204,143,61,0.7009803921568627,False
train,f1cefba8,19x18,19x18,True,342,297,45,0.868421052631579,False
train,f25fbde4,9x9,6x10,False,60,31,29,0.5166666666666667,False
train,f25ffba3,10x4,10x4,True,40,26,14,0.65,False
train,f2829549,4x7,4x3,False,12,8,4,0.6666666666666666,False
train,f35d900a,17x18,17x18,True,306,258,48,0.8431372549019608,False
train,f5b8619d,4x4,8x8,False,64,19,45,0.296875,False
train,f76d97a5,5x5,5x5,True,25,16,9,0.64,False
train,f8a8fe49,15x15,15x15,True,225,215,10,0.9555555555555556,False
train,f8b3ba0a,15x13,3x1,False,3,1,2,0.3333333333333333,False
train,f8c80d96,10x10,10x10,True,100,90,10,0.9,False
train,f8ff0b80,12x12,3x1,False,3,0,3,0.0,False
train,f9012d9b,7x7,3x3,False,9,3,6,0.3333333333333333,False
train,fafffa47,6x3,3x3,False,9,7,2,0.7777777777777778,False
train,fcb5c309,17x17,8x8,False,64,18,46,0.28125,False
train,fcc82909,10x10,10x10,True,100,82,18,0.82,False
train,feca6190,1x5,20x20,False,400,330,70,0.825,False
train,ff28f65a,6x6,3x3,False,9,6,3,0.6666666666666666,False
train,ff805c23,24x24,5x5,False,25,10,15,0.4,False
evaluation,00576224,2x2,6x6,False,36,10,26,0.2777777777777778,False
evaluation,009d5c81,14x14,14x14,True,196,164,32,0.8367346938775511,False
evaluation,00dbd492,20x20,20x20,True,400,312,88,0.78,False
evaluation,03560426,10x10,10x10,True,100,73,27,0.73,False
evaluation,05a7bcf2,30x30,30x30,True,900,523,377,0.5811111111111111,False
evaluation,0607ce86,24x22,24x22,True,528,476,52,0.9015151515151515,False
evaluation,0692e18c,3x3,9x9,False,81,57,24,0.7037037037037037,False
evaluation,070dd51e,20x20,20x20,True,400,357,43,0.8925,False
evaluation,08573cc6,13x13,13x13,True,169,78,91,0.46153846153846156,False
evaluation,0934a4d8,30x30,9x3,False,27,0,27,0.0,False
evaluation,09c534e7,30x30,30x30,True,900,767,133,0.8522222222222222,False
evaluation,0a1d4ef5,30x30,4x3,False,12,0,12,0.0,False
evaluation,0a2355a6,15x17,15x17,True,255,169,86,0.6627450980392157,False
evaluation,0b17323b,15x15,15x15,True,225,223,2,0.9911111111111112,False
evaluation,0bb8deee,14x13,6x6,False,36,13,23,0.3611111111111111,False
evaluation,0becf7df,10x10,10x10,True,100,77,23,0.77,False
evaluation,0c786b71,3x4,6x8,False,48,9,39,0.1875,False
evaluation,0c9aba6e,13x4,6x4,False,24,17,7,0.7083333333333334,False
evaluation,0d87d2a6,23x25,23x25,True,575,406,169,0.7060869565217391,False
evaluation,0e671a1a,13x13,13x13,True,169,148,21,0.8757396449704142,False
evaluation,0f63c0b9,15x15,15x15,True,225,121,104,0.5377777777777778,False
evaluation,103eff5b,16x26,16x26,True,416,336,80,0.8076923076923077,False
evaluation,11e1fe23,12x14,12x14,True,168,164,4,0.9761904761904762,False
evaluation,12422b43,10x7,10x7,True,70,60,10,0.8571428571428571,False
evaluation,12997ef3,11x11,3x12,False,36,7,29,0.19444444444444445,False
evaluation,12eac192,8x8,8x8,True,64,38,26,0.59375,False
evaluation,136b0064,19x15,19x7,False,133,79,54,0.5939849624060151,False
evaluation,13713586,19x18,19x18,True,342,177,165,0.5175438596491229,False
evaluation,137f0df0,10x10,10x10,True,100,44,56,0.44,False
evaluation,140c817e,14x14,14x14,True,196,87,109,0.44387755102040816,False
evaluation,14754a24,19x19,19x19,True,361,327,34,0.9058171745152355,False
evaluation,15113be4,23x23,23x23,True,529,514,15,0.9716446124763705,False
evaluation,15663ba9,15x16,15x16,True,240,208,32,0.8666666666666667,False
evaluation,15696249,3x3,9x9,False,81,47,34,0.5802469135802469,False
evaluation,16b78196,30x30,30x30,True,900,803,97,0.8922222222222222,False
evaluation,17b80ad2,17x17,17x17,True,289,250,39,0.8650519031141869,False
evaluation,17cae0c1,3x9,3x9,True,27,7,20,0.25925925925925924,False
evaluation,18419cfa,28x26,28x26,True,728,711,17,0.9766483516483516,False
evaluation,184a9768,25x26,25x26,True,650,564,86,0.8676923076923077,False
evaluation,195ba7dc,5x13,5x6,False,30,8,22,0.26666666666666666,False
evaluation,1990f7a8,17x17,7x7,False,49,27,22,0.5510204081632653,False
evaluation,19bb5feb,14x15,2x2,False,4,0,4,0.0,False
evaluation,1a2e2828,11x13,1x1,False,1,0,1,0.0,False
evaluation,1a6449f1,27x25,10x10,False,100,59,41,0.59,False
evaluation,1acc24af,12x12,12x12,True,144,132,12,0.9166666666666666,False
evaluation,1c02dbbe,15x15,15x15,True,225,110,115,0.4888888888888889,False
evaluation,1c0d0a4b,13x13,13x13,True,169,88,81,0.5207100591715976,False
evaluation,1c56ad9f,15x15,15x15,True,225,189,36,0.84,False
evaluation,1d0a4b61,25x25,25x25,True,625,571,54,0.9136,False
evaluation,1d398264,12x12,12x12,True,144,113,31,0.7847222222222222,False
evaluation,1da012fc,19x25,19x25,True,475,432,43,0.9094736842105263,False
evaluation,1e81d6f9,15x15,15x15,True,225,217,8,0.9644444444444444,False
evaluation,1e97544e,23x23,23x23,True,529,460,69,0.8695652173913043,False
evaluation,2037f2c7,24x25,2x10,False,20,10,10,0.5,False
evaluation,2072aba6,3x3,6x6,False,36,16,20,0.4444444444444444,False
evaluation,20818e16,16x16,6x10,False,60,30,30,0.5,False
evaluation,20981f0e,17x13,17x13,True,221,199,22,0.9004524886877828,False
evaluation,212895b5,21x23,21x23,True,483,439,44,0.9089026915113871,False
evaluation,21f83797,13x13,13x13,True,169,91,78,0.5384615384615384,False
evaluation,22a4bbc2,22x4,22x4,True,88,65,23,0.7386363636363636,False
evaluation,25094a63,30x30,30x30,True,900,768,132,0.8533333333333334,False
evaluation,2546ccf6,26x23,26x23,True,598,584,14,0.9765886287625418,False
evaluation,256b0a75,25x26,25x26,True,650,321,329,0.4938461538461538,False
evaluation,2685904e,10x10,10x10,True,100,88,12,0.88,False
evaluation,2697da3f,8x10,17x17,False,289,215,74,0.7439446366782007,False
evaluation,2753e76c,16x16,3x5,False,15,2,13,0.13333333333333333,False
evaluation,27a77e38,9x9,9x9,True,81,78,3,0.9629629629629629,False
evaluation,27f8ce4f,3x3,9x9,False,81,41,40,0.5061728395061729,False
evaluation,281123b4,4x19,4x4,False,16,4,12,0.25,False
evaluation,292dd178,11x15,11x15,True,165,144,21,0.8727272727272727,False
evaluation,29700607,11x11,11x11,True,121,89,32,0.7355371900826446,False
evaluation,2a5f8217,13x13,13x13,True,169,148,21,0.8757396449704142,False
evaluation,2b01abd0,14x16,14x16,True,224,202,22,0.9017857142857143,False
evaluation,2c0b0aff,22x23,8x10,False,80,51,29,0.6375,False
evaluation,2c737e39,11x10,11x10,True,110,100,10,0.9090909090909091,False
evaluation,2f0c5170,19x19,7x9,False,63,41,22,0.6507936507936508,False
evaluation,310f3251,4x4,12x12,False,144,110,34,0.7638888888888888,False
evaluation,3194b014,20x20,3x3,False,9,0,9,0.0,False
evaluation,319f2597,20x20,20x20,True,400,336,64,0.84,False
evaluation,31adaf00,10x10,10x10,True,100,77,23,0.77,False
evaluation,31d5ba1a,6x5,3x5,False,15,2,13,0.13333333333333333,False
evaluation,32e9702f,10x10,10x10,True,100,31,69,0.31,False
evaluation,332efdb3,11x11,11x11,True,121,84,37,0.6942148760330579,False
evaluation,3391f8c0,11x14,11x14,True,154,118,36,0.7662337662337663,False
evaluation,33b52de3,23x23,23x23,True,529,389,140,0.7353497164461248,False
evaluation,3490cc26,22x23,22x23,True,506,456,50,0.9011857707509882,False
evaluation,34b99a2b,5x9,5x4,False,20,10,10,0.5,False
evaluation,351d6448,15x13,3x13,False,39,15,24,0.38461538461538464,False
evaluation,358ba94e,17x19,5x5,False,25,21,4,0.84,False
evaluation,37d3e8b2,17x18,17x18,True,306,170,136,0.5555555555555556,False
evaluation,3979b1a8,5x5,10x10,False,100,57,43,0.57,False
evaluation,3a301edc,21x21,21x21,True,441,281,160,0.63718820861678,False
evaluation,3b4c2228,8x5,3x3,False,9,7,2,0.7777777777777778,False
evaluation,3d31c5b3,12x6,3x6,False,18,9,9,0.5,False
evaluation,3ed85e70,30x30,30x30,True,900,874,26,0.9711111111111111,False
evaluation,3ee1011a,21x23,7x7,False,49,18,31,0.3673469387755102,False
evaluation,3f23242b,17x19,17x19,True,323,230,93,0.7120743034055728,False
evaluation,40f6cd08,30x30,30x30,True,900,675,225,0.75,False
evaluation,414297c0,26x24,9x15,False,135,17,118,0.1259259259259259,False
evaluation,423a55dc,11x13,11x13,True,143,114,29,0.7972027972027972,False
evaluation,42918530,25x25,25x25,True,625,597,28,0.9552,False
evaluation,42a15761,11x19,11x19,True,209,201,8,0.9617224880382775,False
evaluation,4364c1c4,14x13,14x13,True,182,157,25,0.8626373626373627,False
evaluation,456873bc,19x19,19x19,True,361,280,81,0.775623268698061,False
evaluation,45737921,8x9,8x9,True,72,54,18,0.75,False
evaluation,45bbe264,15x15,15x15,True,225,147,78,0.6533333333333333,False
evaluation,477d2879,13x13,13x13,True,169,23,146,0.13609467455621302,False
evaluation,47996f11,30x30,30x30,True,900,754,146,0.8377777777777777,False
evaluation,48131b3c,4x4,8x8,False,64,29,35,0.453125,False
evaluation,4852f2fa,9x9,3x6,False,18,5,13,0.2777777777777778,False
evaluation,48f8583b,3x3,9x9,False,81,39,42,0.48148148148148145,False
evaluation,4aab4007,28x28,28x28,True,784,672,112,0.8571428571428571,False
evaluation,4acc7107,10x10,10x10,True,100,57,43,0.57,False
evaluation,4b6b68e5,26x24,26x24,True,624,474,150,0.7596153846153846,False
evaluation,4c177718,15x15,9x15,False,135,98,37,0.725925925925926,False
evaluation,4cd1b7b2,4x4,4x4,True,16,12,4,0.75,False
evaluation,4e45f183,19x19,19x19,True,361,299,62,0.8282548476454293,False
evaluation,4e469f39,10x10,10x10,True,100,80,20,0.8,False
evaluation,4f537728,20x20,20x20,True,400,354,46,0.885,False
evaluation,4ff4c9da,27x27,27x27,True,729,704,25,0.9657064471879286,False
evaluation,505fff84,9x14,5x5,False,25,14,11,0.56,False
evaluation,506d28a5,9x5,4x5,False,20,6,14,0.3,False
evaluation,50a16a69,6x6,6x6,True,36,2,34,0.05555555555555555,False
evaluation,50aad11f,18x13,12x4,False,48,19,29,0.3958333333333333,False
evaluation,50f325b5,16x17,16x17,True,272,259,13,0.9522058823529411,False
evaluation,516b51b7,15x17,15x17,True,255,186,69,0.7294117647058823,False
evaluation,5207a7b5,15x9,15x9,True,135,93,42,0.6888888888888889,False
evaluation,5289ad53,15x10,2x3,False,6,0,6,0.0,False
evaluation,52fd389e,29x29,29x29,True,841,536,305,0.6373365041617123,False
evaluation,54db823b,15x15,15x15,True,225,187,38,0.8311111111111111,False
evaluation,55059096,17x13,17x13,True,221,213,8,0.9638009049773756,False
evaluation,551d5bf1,26x26,26x26,True,676,499,177,0.7381656804733728,False
evaluation,55783887,19x16,19x16,True,304,279,25,0.9177631578947368,False
evaluation,575b1a71,10x10,10x10,True,100,92,8,0.92,False
evaluation,5783df64,9x9,3x3,False,9,1,8,0.1111111111111111,False
evaluation,5833af48,19x27,12x24,False,288,224,64,0.7777777777777778,False
evaluation,58743b76,14x14,14x14,True,196,182,14,0.9285714285714286,False
evaluation,58e15b12,24x20,24x20,True,480,413,67,0.8604166666666667,False
evaluation,59341089,3x3,3x12,False,36,11,25,0.3055555555555556,False
evaluation,5a5a2103,24x24,24x24,True,576,238,338,0.4131944444444444,False
evaluation,5af49b42,17x18,17x18,True,306,288,18,0.9411764705882353,False
evaluation,5b526a93,21x30,21x30,True,630,534,96,0.8476190476190476,False
evaluation,5b692c0f,24x28,24x28,True,672,638,34,0.9494047619047619,False
evaluation,5b6cbef5,4x4,16x16,False,256,187,69,0.73046875,False
evaluation,5d2a5c43,6x9,6x4,False,24,6,18,0.25,False
evaluation,5ffb2104,10x10,10x10,True,100,64,36,0.64,False
evaluation,604001fa,15x12,15x12,True,180,144,36,0.8,False
evaluation,60a26a3e,9x15,9x15,True,135,129,6,0.9555555555555556,False
evaluation,60c09cac,5x5,10x10,False,100,65,35,0.65,False
evaluation,626c0bcc,7x7,7x7,True,49,33,16,0.673469387755102,False
evaluation,62ab2642,5x12,5x12,True,60,48,12,0.8,False
evaluation,62b74c02,4x14,4x14,True,56,28,28,0.5,False
evaluation,639f5a19,23x23,23x23,True,529,293,236,0.553875236294896,False
evaluation,642248e4,16x18,16x18,True,288,276,12,0.9583333333333334,False
evaluation,642d658d,27x22,1x1,False,1,0,1,0.0,False
evaluation,64a7c07e,12x12,12x12,True,144,112,32,0.7777777777777778,False
evaluation,66e6c45b,4x4,4x4,True,16,12,4,0.75,False
evaluation,66f2d22f,4x14,4x7,False,28,7,21,0.25,False
evaluation,67636eac,14x18,3x12,False,36,7,29,0.19444444444444445,False
evaluation,67b4a34d,16x16,4x4,False,16,4,12,0.25,False
evaluation,67c52801,7x11,7x11,True,77,49,28,0.6363636363636364,False
evaluation,68b67ca3,6x6,3x3,False,9,4,5,0.4444444444444444,False
evaluation,692cd3b6,15x15,15x15,True,225,147,78,0.6533333333333333,False
evaluation,695367ec,5x5,15x15,False,225,144,81,0.64,False
evaluation,696d4842,20x20,20x20,True,400,386,14,0.965,False
evaluation,69889d6e,10x10,10x10,True,100,86,14,0.86,False
evaluation,6a11f6da,15x5,5x5,False,25,8,17,0.32,False
evaluation,6ad5bdfd,10x10,10x10,True,100,73,27,0.73,False
evaluation,6df30ad6,10x10,10x10,True,100,86,14,0.86,False
evaluation,6ea4a07e,3x3,3x3,True,9,0,9,0.0,False
evaluation,6f473927,12x6,12x12,False,144,85,59,0.5902777777777778,False
evaluation,7039b2d7,16x16,3x5,False,15,9,6,0.6,False
evaluation,705a3229,11x16,11x16,True,176,151,25,0.8579545454545454,False
evaluation,712bf12e,13x13,13x13,True,169,141,28,0.834319526627219,False
evaluation,72207abc,3x29,3x29,True,87,81,6,0.9310344827586207,False
evaluation,72a961c9,9x11,9x11,True,99,85,14,0.8585858585858586,False
evaluation,73182012,12x12,4x4,False,16,4,12,0.25,False
evaluation,73c3b0d8,12x8,12x8,True,96,85,11,0.8854166666666666,False
evaluation,73ccf9c2,22x22,7x5,False,35,19,16,0.5428571428571428,False
evaluation,759f3fd3,12x12,12x12,True,144,82,62,0.5694444444444444,False
evaluation,762cd429,16x30,16x30,True,480,145,335,0.3020833333333333,False
evaluation,770cc55f,11x5,11x5,True,55,36,19,0.6545454545454545,False
evaluation,782b5218,10x10,10x10,True,100,60,40,0.6,False
evaluation,79369cc6,16x15,16x15,True,240,222,18,0.925,False
evaluation,7953d61e,4x4,8x8,False,64,25,39,0.390625,False
evaluation,79fb03f4,26x26,26x26,True,676,534,142,0.7899408284023669,False
evaluation,7bb29440,22x25,6x4,False,24,19,5,0.7916666666666666,False
evaluation,7c8af763,10x10,10x10,True,100,71,29,0.71,False
evaluation,7c9b52a0,16x16,5x3,False,15,2,13,0.13333333333333333,False
evaluation,7d18a6fb,16x17,7x7,False,49,24,25,0.4897959183673469,False
evaluation,7d1f7ee8,29x28,29x28,True,812,694,118,0.854679802955665,False
evaluation,7d419a02,25x20,25x20,True,500,361,139,0.722,False
evaluation,7e02026e,12x12,12x12,True,144,126,18,0.875,False
evaluation,7ee1c6ea,10x10,10x10,True,100,59,41,0.59,False
evaluation,817e6c09,7x15,7x15,True,105,89,16,0.8476190476190476,False
evaluation,81c0276b,19x21,4x4,False,16,5,11,0.3125,False
evaluation,833dafe3,8x8,16x16,False,256,120,136,0.46875,False
evaluation,845d6e51,18x17,18x17,True,306,258,48,0.8431372549019608,False
evaluation,84db8fc4,10x10,10x10,True,100,69,31,0.69,False
evaluation,84f2aca1,13x12,13x12,True,156,148,8,0.9487179487179487,False
evaluation,8597cfd7,11x9,2x2,False,4,0,4,0.0,False
evaluation,85b81ff1,13x14,13x14,True,182,162,20,0.8901098901098901,False
evaluation,85fa5666,8x8,8x8,True,64,48,16,0.75,False
evaluation,8719f442,3x3,15x15,False,225,169,56,0.7511111111111111,False
evaluation,88207623,16x18,16x18,True,288,260,28,0.9027777777777778,False
evaluation,891232d6,27x25,27x25,True,675,576,99,0.8533333333333334,False
evaluation,896d5239,15x18,15x18,True,270,245,25,0.9074074074074074,False
evaluation,8a371977,30x30,30x30,True,900,630,270,0.7,False
evaluation,8b28cd80,3x3,9x9,False,81,37,44,0.4567901234567901,False
evaluation,8ba14f53,4x9,3x3,False,9,7,2,0.7777777777777778,False
evaluation,8cb8642d,19x24,19x24,True,456,300,156,0.6578947368421053,False
evaluation,8dae5dfc,20x19,20x19,True,380,173,207,0.45526315789473687,False
evaluation,8e2edd66,3x3,9x9,False,81,60,21,0.7407407407407407,False
evaluation,8ee62060,14x14,14x14,True,196,148,48,0.7551020408163265,False
evaluation,8fbca751,8x12,8x12,True,96,71,25,0.7395833333333334,False
evaluation,90347967,9x9,9x9,True,81,68,13,0.8395061728395061,False
evaluation,903d1b4a,16x16,16x16,True,256,236,20,0.921875,False
evaluation,9110e3c5,7x7,3x3,False,9,5,4,0.5555555555555556,False
evaluation,917bccba,12x12,12x12,True,144,117,27,0.8125,False
evaluation,929ab4e9,24x24,24x24,True,576,543,33,0.9427083333333334,False
evaluation,92e50de0,29x29,29x29,True,841,793,48,0.9429250891795482,False
evaluation,9356391f,16x16,16x16,True,256,192,64,0.75,False
evaluation,93b4f4b3,17x10,17x5,False,85,60,25,0.7058823529411765,False
evaluation,93c31fbe,26x28,26x28,True,728,692,36,0.9505494505494505,False
evaluation,94133066,19x30,10x13,False,130,37,93,0.2846153846153846,False
evaluation,94414823,10x10,10x10,True,100,84,16,0.84,False
evaluation,94be5b80,18x15,18x15,True,270,216,54,0.8,False
evaluation,95a58926,22x27,22x27,True,594,532,62,0.8956228956228957,False
evaluation,963f59bc,14x16,14x16,True,224,212,12,0.9464285714285714,False
evaluation,96a8c0cd,13x29,13x29,True,377,336,41,0.8912466843501327,False
evaluation,97239e3d,17x17,17x17,True,289,233,56,0.8062283737024222,False
evaluation,9772c176,20x20,20x20,True,400,372,28,0.93,False
evaluation,981571dc,30x30,30x30,True,900,870,30,0.9666666666666667,False
evaluation,992798f6,16x16,16x16,True,256,245,11,0.95703125,False
evaluation,99306f82,20x20,20x20,True,400,268,132,0.67,False
evaluation,9a4bb226,15x15,3x3,False,9,0,9,0.0,False
evaluation,9b2a60aa,13x24,13x24,True,312,288,24,0.9230769230769231,False
evaluation,9b365c51,7x28,7x28,True,196,114,82,0.5816326530612245,False
evaluation,9b4c17c4,10x11,10x11,True,110,80,30,0.7272727272727273,False
evaluation,9bebae7a,11x12,11x12,True,132,117,15,0.8863636363636364,False
evaluation,9c1e755f,10x10,10x10,True,100,62,38,0.62,False
evaluation,9c56f360,9x9,9x9,True,81,67,14,0.8271604938271605,False
evaluation,9caba7c3,19x19,19x19,True,361,335,26,0.9279778393351801,False
evaluation,9ddd00f0,19x19,19x19,True,361,237,124,0.6565096952908587,False
evaluation,9def23fe,20x20,20x20,True,400,286,114,0.715,False
evaluation,9f27f097,12x12,12x12,True,144,134,10,0.9305555555555556,False
evaluation,a04b2602,16x27,16x27,True,432,326,106,0.7546296296296297,False
evaluation,a096bf4d,26x26,26x26,True,676,664,12,0.9822485207100592,False
evaluation,a3f84088,30x30,30x30,True,900,490,410,0.5444444444444444,False
evaluation,a406ac07,10x10,10x10,True,100,83,17,0.83,False
evaluation,a57f2f04,26x22,26x22,True,572,481,91,0.8409090909090909,False
evaluation,a59b95c0,3x3,12x12,False,144,43,101,0.2986111111111111,False
evaluation,a680ac02,22x21,12x4,False,48,15,33,0.3125,False
evaluation,a8610ef7,6x6,6x6,True,36,14,22,0.3888888888888889,False
evaluation,a934301b,13x12,13x12,True,156,108,48,0.6923076923076923,False
evaluation,aa18de87,4x9,4x9,True,36,23,13,0.6388888888888888,False
evaluation,aa300dc3,10x10,10x10,True,100,93,7,0.93,False
evaluation,aa4ec2a5,26x27,26x27,True,702,460,242,0.6552706552706553,False
evaluation,aab50785,15x17,8x4,False,32,4,28,0.125,False
evaluation,ac0c5833,27x27,27x27,True,729,680,49,0.9327846364883402,False
evaluation,ac2e8ecf,16x15,16x15,True,240,148,92,0.6166666666666667,False
evaluation,ac3e2b04,16x18,16x18,True,288,228,60,0.7916666666666666,False
evaluation,ac605cbb,11x11,11x11,True,121,102,19,0.8429752066115702,False
evaluation,ad7e01d0,5x5,25x25,False,625,535,90,0.856,False
evaluation,ae58858e,6x8,6x8,True,48,32,16,0.6666666666666666,False
evaluation,aee291af,18x18,5x5,False,25,7,18,0.28,False
evaluation,af22c60d,30x30,30x30,True,900,852,48,0.9466666666666667,False
evaluation,af24b4cc,9x10,4x5,False,20,14,6,0.7,False
evaluation,b0722778,8x9,8x2,False,16,4,12,0.25,False
evaluation,b0f4d537,12x15,12x7,False,84,40,44,0.47619047619047616,False
evaluation,b15fca0b,10x10,10x10,True,100,74,26,0.74,False
evaluation,b1fc8b8e,6x6,5x5,False,25,9,16,0.36,False
evaluation,b20f7c8b,18x22,18x22,True,396,296,100,0.7474747474747475,False
evaluation,b457fec5,27x23,27x23,True,621,393,228,0.6328502415458938,False
evaluation,b4a43f3b,13x6,18x18,False,324,269,55,0.8302469135802469,False
evaluation,b7999b51,12x18,6x5,False,30,5,25,0.16666666666666666,False
evaluation,b7cb93ac,10x10,3x4,False,12,6,6,0.5,False
evaluation,b7f8a4d8,30x30,30x30,True,900,804,96,0.8933333333333333,False
evaluation,b7fb29bc,15x15,15x15,True,225,177,48,0.7866666666666666,False
evaluation,b942fd60,10x12,10x12,True,120,77,43,0.6416666666666667,False
evaluation,b9630600,30x30,30x30,True,900,839,61,0.9322222222222222,False
evaluation,ba9d41b8,19x19,19x19,True,361,285,76,0.7894736842105263,False
evaluation,baf41dbf,16x17,16x17,True,272,222,50,0.8161764705882353,False
evaluation,bb52a14b,22x22,22x22,True,484,474,10,0.9793388429752066,False
evaluation,bbb1b8b6,4x9,4x4,False,16,8,8,0.5,False
evaluation,bc4146bd,4x4,4x20,False,80,28,52,0.35,False
evaluation,bcb3040b,18x18,18x18,True,324,308,16,0.9506172839506173,False
evaluation,bd14c3bf,19x19,19x19,True,361,313,48,0.8670360110803325,False
evaluation,be03b35f,5x5,2x2,False,4,2,2,0.5,False
evaluation,bf32578f,8x8,8x8,True,64,40,24,0.625,False
evaluation,bf699163,13x14,3x3,False,9,0,9,0.0,False
evaluation,bf89d739,14x17,14x17,True,238,219,19,0.9201680672268907,False
evaluation,c074846d,9x9,9x9,True,81,74,7,0.9135802469135802,False
evaluation,c1990cce,1x17,17x17,False,289,227,62,0.7854671280276817,False
evaluation,c3202e5a,29x29,5x5,False,25,18,7,0.72,False
evaluation,c35c1b4c,10x10,10x10,True,100,88,12,0.88,False
evaluation,c48954c1,3x3,9x9,False,81,37,44,0.4567901234567901,False
evaluation,c62e2108,24x24,24x24,True,576,432,144,0.75,False
evaluation,c64f1187,20x18,11x11,False,121,65,56,0.5371900826446281,False
evaluation,c658a4bd,19x19,10x10,False,100,14,86,0.14,False
evaluation,c663677b,27x27,27x27,True,729,654,75,0.897119341563786,False
evaluation,c6e1b8da,20x20,20x20,True,400,331,69,0.8275,False
evaluation,c7d4e6ad,10x10,10x10,True,100,78,22,0.78,False
evaluation,c87289bb,10x15,10x15,True,150,117,33,0.78,False
evaluation,c8b7cc0f,9x9,3x3,False,9,5,4,0.5555555555555556,False
evaluation,c92b942c,3x3,9x9,False,81,40,41,0.49382716049382713,False
evaluation,c97c0139,21x22,21x22,True,462,392,70,0.8484848484848485,False
evaluation,ca8de6ea,5x5,3x3,False,9,1,8,0.1111111111111111,False
evaluation,ca8f78db,30x30,30x30,True,900,834,66,0.9266666666666666,False
evaluation,cad67732,10x10,20x20,False,400,324,76,0.81,False
evaluation,cb227835,13x14,13x14,True,182,162,20,0.8901098901098901,False
evaluation,ccd554ac,5x5,25x25,False,625,221,404,0.3536,False
evaluation,cd3c21df,13x13,3x2,False,6,3,3,0.5,False
evaluation,ce039d91,10x10,10x10,True,100,87,13,0.87,False
evaluation,ce8d95cc,12x13,7x9,False,63,12,51,0.19047619047619047,False
evaluation,cf133acc,15x15,15x15,True,225,198,27,0.88,False
evaluation,cfb2ce5a,10x10,10x10,True,100,42,58,0.42,False
evaluation,d017b73f,3x11,3x8,False,24,12,12,0.5,False
evaluation,d19f7514,12x4,6x4,False,24,5,19,0.20833333333333334,False
evaluation,d282b262,15x15,15x15,True,225,134,91,0.5955555555555555,False
evaluation,d2acf2cb,10x9,10x9,True,90,66,24,0.7333333333333333,False
evaluation,d304284e,23x28,23x28,True,644,587,57,0.9114906832298136,False
evaluation,d37a1ef5,13x12,13x12,True,156,123,33,0.7884615384615384,False
evaluation,d47aa2ff,10x21,10x10,False,100,96,4,0.96,False
evaluation,d492a647,15x17,15x17,True,255,211,44,0.8274509803921568,False
evaluation,d4b1c2b1,3x3,15x15,False,225,49,176,0.21777777777777776,False
evaluation,d4c90558,21x21,3x8,False,24,9,15,0.375,False
evaluation,d56f2372,22x20,6x9,False,54,23,31,0.42592592592592593,False
evaluation,d5c634a2,10x9,3x6,False,18,8,10,0.4444444444444444,False
evaluation,d931c21c,30x30,30x30,True,900,658,242,0.7311111111111112,False
evaluation,d94c3b52,17x25,17x25,True,425,357,68,0.84,False
evaluation,da2b0fe3,10x10,10x10,True,100,90,10,0.9,False
evaluation,da515329,26x26,26x26,True,676,367,309,0.5428994082840237,False
evaluation,dc2aa30b,11x11,11x11,True,121,77,44,0.6363636363636364,False
evaluation,dc2e9a9d,28x29,28x29,True,812,754,58,0.9285714285714286,False
evaluation,dd2401ed,7x15,7x15,True,105,95,10,0.9047619047619048,False
evaluation,de493100,30x30,10x2,False,20,4,16,0.2,False
evaluation,df8cc377,22x26,22x26,True,572,486,86,0.8496503496503497,False
evaluation,e0fb7511,13x13,13x13,True,169,135,34,0.7988165680473372,False
evaluation,e133d23d,3x7,3x3,False,9,2,7,0.2222222222222222,False
evaluation,e1baa8a4,15x15,5x4,False,20,4,16,0.2,False
evaluation,e1d2900e,30x30,30x30,True,900,880,20,0.9777777777777777,False
evaluation,e2092e0c,15x15,15x15,True,225,208,17,0.9244444444444444,False
evaluation,e21a174a,7x7,7x7,True,49,29,20,0.5918367346938775,False
evaluation,e345f17b,4x8,4x4,False,16,11,5,0.6875,False
evaluation,e4075551,16x15,16x15,True,240,185,55,0.7708333333333334,False
evaluation,e41c6fd3,17x30,17x30,True,510,430,80,0.8431372549019608,False
evaluation,e57337a4,15x15,3x3,False,9,7,2,0.7777777777777778,False
evaluation,e5790162,10x12,10x12,True,120,103,17,0.8583333333333333,False
evaluation,e5c44e8f,11x11,11x11,True,121,116,5,0.9586776859504132,False
evaluation,e619ca6e,29x28,29x28,True,812,710,102,0.874384236453202,False
evaluation,e633a9e5,3x3,5x5,False,25,6,19,0.24,False
evaluation,e66aafb8,24x24,3x3,False,9,2,7,0.2222222222222222,False
evaluation,e681b708,26x26,26x26,True,676,641,35,0.9482248520710059,False
evaluation,e69241bd,9x9,9x9,True,81,60,21,0.7407407407407407,False
evaluation,e6de6e8f,2x12,8x7,False,56,45,11,0.8035714285714286,False
evaluation,e74e1818,15x15,15x15,True,225,179,46,0.7955555555555556,False
evaluation,e760a62e,28x28,28x28,True,784,613,171,0.7818877551020408,False
evaluation,e7639916,14x13,14x13,True,182,151,31,0.8296703296703297,False
evaluation,e78887d1,9x15,3x15,False,45,23,22,0.5111111111111111,False
evaluation,e7a25a18,14x14,10x10,False,100,34,66,0.34,False
evaluation,e7b06bea,9x9,9x9,True,81,55,26,0.6790123456790124,False
evaluation,e7dd8335,9x11,9x11,True,99,89,10,0.898989898989899,False
evaluation,e872b94a,9x10,3x1,False,3,3,0,1.0,True
evaluation,e88171ec,21x21,21x21,True,441,429,12,0.9727891156462585,False
evaluation,e95e3d8e,22x22,22x22,True,484,417,67,0.8615702479338843,False
evaluation,e99362f0,11x9,5x4,False,20,1,19,0.05,False
evaluation,e9ac8c9e,15x15,15x15,True,225,161,64,0.7155555555555555,False
evaluation,e9b4f6fc,13x13,6x5,False,30,11,19,0.36666666666666664,False
evaluation,e9bb6954,19x19,19x19,True,361,276,85,0.7645429362880887,False
evaluation,e9c9d9a1,15x15,15x15,True,225,151,74,0.6711111111111111,False
evaluation,ea959feb,22x25,22x25,True,550,501,49,0.9109090909090909,False
evaluation,ea9794b1,10x10,5x5,False,25,4,21,0.16,False
evaluation,ecaa0ec1,11x11,11x11,True,121,112,9,0.9256198347107438,False
evaluation,ed74f2f2,5x9,3x3,False,9,2,7,0.2222222222222222,False
evaluation,ed98d772,3x3,6x6,False,36,21,15,0.5833333333333334,False
evaluation,ef26cbf6,11x7,11x7,True,77,61,16,0.7922077922077922,False
evaluation,f0afb749,3x3,6x6,False,36,24,12,0.6666666666666666,False
evaluation,f0df5ff0,15x15,15x15,True,225,181,44,0.8044444444444444,False
evaluation,f21745ec,23x22,23x22,True,506,414,92,0.8181818181818182,False
evaluation,f3b10344,30x29,30x29,True,870,807,63,0.9275862068965517,False
evaluation,f3cdc58f,10x10,10x10,True,100,56,44,0.56,False
evaluation,f3e62deb,10x10,10x10,True,100,84,16,0.84,False
evaluation,f4081712,24x24,6x4,False,24,5,19,0.20833333333333334,False
evaluation,f45f5ca7,10x10,10x10,True,100,85,15,0.85,False
evaluation,f5aa3634,15x15,4x3,False,12,4,8,0.3333333333333333,False
evaluation,f5c89df1,13x13,13x13,True,169,139,30,0.8224852071005917,False
evaluation,f823c43c,16x16,16x16,True,256,195,61,0.76171875,False
evaluation,f83cb3f6,10x15,10x15,True,150,130,20,0.8666666666666667,False
evaluation,f8be4b64,19x19,19x19,True,361,267,94,0.739612188365651,False
evaluation,f9a67cb5,15x14,15x14,True,210,152,58,0.7238095238095238,False
evaluation,f9d67f8b,30x30,30x30,True,900,793,107,0.8811111111111111,False
evaluation,fafd9572,14x12,14x12,True,168,129,39,0.7678571428571429,False
evaluation,fb791726,4x4,8x8,False,64,46,18,0.71875,False
evaluation,fc754716,9x7,9x7,True,63,34,29,0.5396825396825397,False
evaluation,fd096ab6,30x30,30x30,True,900,865,35,0.9611111111111111,False
evaluation,fd4b2b02,16x16,16x16,True,256,224,32,0.875,False
evaluation,fe9372f3,30x17,30x17,True,510,437,73,0.8568627450980392,False
evaluation,fea12743,16x11,16x11,True,176,152,24,0.8636363636363636,False
evaluation,ff72ca3e,30x20,30x20,True,600,408,192,0.68,False
