epoch,train_loss,train_ce_loss,train_pcn_energy,train_cell_acc,train_grid_acc,eval_loss,eval_ce_loss,eval_pcn_energy,eval_cell_acc,eval_grid_acc
1,1.5020665419101715,1.3838565862178802,1.1820995333790778,0.6309030395001173,0.0025,1.1199378156661988,1.1124587678909301,0.07479045987129211,0.747041621208191,0.0025
2,1.072899992465973,1.0665090191364288,0.0639097373187542,0.7495675510168076,0.0075,1.024957685470581,1.0210525381565094,0.03905149351805449,0.7705034673213959,0.0025
3,0.9870838963985443,0.9822042620182038,0.048796369433403014,0.7653933393955231,0.0125,1.0275731909275054,1.0257312297821044,0.018419710118323565,0.7731286120414734,0.0025
4,0.9796854054927826,0.9762428295612335,0.034425772279500964,0.7632436901330948,0.01,0.9966444957256317,0.9951328253746032,0.01511665802448988,0.7730293548107148,0.0025
5,0.9636388504505158,0.9605420386791229,0.03096805289387703,0.7581453144550323,0.01,1.0070543837547303,1.0049910533428192,0.02063329569995403,0.7607722926139832,0.0025
6,0.9527043914794922,0.9495142817497253,0.031901165135204794,0.7608462131023407,0.0075,1.020586565732956,1.0187062454223632,0.018803269248455764,0.7659713423252106,0.0025
7,0.9283044672012329,0.9253615522384644,0.029429106190800667,0.7633848285675049,0.0125,1.007624773979187,1.0061476469039916,0.01477124560624361,0.7698916494846344,0.0025
8,0.887696270942688,0.8851554298400879,0.025408407971262932,0.7700804424285889,0.0125,1.0292231595516206,1.0275096023082733,0.017135593686252833,0.7668990778923035,0.0025
9,0.8640630930662155,0.8616865843534469,0.023765064794570207,0.7722554302215576,0.005,1.0273452723026275,1.0261252748966216,0.012199930213391781,0.7671718108654022,0.0025
10,0.846172217130661,0.8438661110401153,0.023061066474765538,0.7681028109788894,0.0075,1.0402371311187744,1.0390860009193421,0.01151126422919333,0.7571744513511658,0.0025
11,0.8795663857460022,0.8771776324510574,0.023887520767748357,0.7551705288887024,0.01,1.0509962987899781,1.0487021434307098,0.022941600568592548,0.7619349217414856,0.0025
12,0.837059332728386,0.8342460870742798,0.0281324178352952,0.7681318593025207,0.005,1.000431673526764,0.9986219298839569,0.01809743234887719,0.7672343111038208,0.0025
13,0.7917166137695313,0.7894070500135422,0.023095632046461104,0.7745562064647674,0.0075,1.052663254737854,1.0515119743347168,0.011512774685397744,0.7539341336488724,0.0025
14,0.757796306014061,0.7556300675868988,0.02166240621358156,0.7818380928039551,0.01,1.0211482274532317,1.0200661206245423,0.010821055779233575,0.7616576731204987,0.0025
15,0.7755922275781632,0.7733046275377273,0.022876015920192002,0.7698010540008545,0.0025,1.0922374546527862,1.0910082161426544,0.01229232176207006,0.7293636739253998,0.0025
16,0.7491751116514206,0.7470665329694748,0.021085767652839423,0.7795067346096038,0.0075,1.0871477103233338,1.0860171186923981,0.011305966498330235,0.7351134616136551,0.0025
17,0.7346257418394089,0.7325489145517349,0.02076823865994811,0.7817347007989883,0.0025,1.0609136271476745,1.0598725152015687,0.010411162972450256,0.7563244760036468,0.0025
18,0.7055109125375748,0.7035000836849212,0.02010830109938979,0.779374030828476,0.0025,1.0732221901416779,1.071888917684555,0.013332656491547823,0.7521644741296768,0.0025
19,0.7208553695678711,0.718592101931572,0.022632686868309975,0.7803563117980957,0.0025,1.0551944661140442,1.05400674700737,0.011877141110599041,0.7523946738243104,0.0025
20,0.677790054678917,0.6758680838346481,0.019219703543931245,0.7900308144092559,0.005,1.1058213007450104,1.1045659101009369,0.012553837057203055,0.7373800390958786,0.0025
21,0.6940436643362046,0.6918836569786072,0.02160008203238249,0.7804713094234467,0.0075,1.1248661553859711,1.1237971448898316,0.010690125161781907,0.7340676218271256,0.0025
22,0.6544178777933121,0.6524723052978516,0.019455752987414598,0.7958096253871918,0.005,1.1087195003032684,1.1073614859580994,0.013580099865794181,0.748505157828331,0.0025
23,0.6693961834907531,0.667497643828392,0.01898538740351796,0.787703891992569,0.005,1.128410609960556,1.1276009798049926,0.008096312484703959,0.7276607763767242,0.0025
24,0.661426003575325,0.6596321290731431,0.01793876240029931,0.7917758989334106,0.005,1.0956461548805236,1.09465878367424,0.009873704174533487,0.7609946322441101,0.0025
25,0.6380709081888198,0.6363388073444366,0.017320988588035106,0.7893543076515198,0.005,1.1357769823074342,1.1349762523174285,0.008007352342829108,0.7422043055295944,0.0025
26,0.6367840978503228,0.6350595825910568,0.017245145794004203,0.7890187752246857,0.0025,1.1354684376716613,1.1345877373218536,0.008806984219700099,0.73109414935112,0.0025
27,0.6012771636247635,0.5995529437065125,0.017242220621556045,0.8045617651939392,0.0075,1.1386301255226134,1.1378528678417206,0.0077726132748648525,0.7487801170349121,0.0025
28,0.6219685006141663,0.6203517591953278,0.01616743428632617,0.7948582196235656,0.01,1.2064391887187957,1.205544352531433,0.008948376141488553,0.7353776711225509,0.0
29,0.6014025813341141,0.5996581667661667,0.01744415083900094,0.8036022543907165,0.0025,1.1469459271430968,1.145910700559616,0.010352307073771954,0.7632618975639344,0.0025
30,0.6013525682687759,0.599695137143135,0.01657427854835987,0.8064219164848327,0.005,1.145610225200653,1.1447714018821715,0.008388276649639011,0.7492374122142792,0.0025
